state,year,cigsale,lnincome,beer,age15to24,retprice
Rhode Island,1970,123.9000015,NA,NA,0.183157891,39.29999924
Tennessee,1970,99.80000305,NA,NA,0.178043813,39.90000153
Indiana,1970,134.6000061,NA,NA,0.176515877,30.60000038
Nevada,1970,189.5,NA,NA,0.161554188,38.90000153
Louisiana,1970,115.9000015,NA,NA,0.185185179,34.29999924
Oklahoma,1970,108.4000015,NA,NA,0.175459161,38.40000153
New Hampshire,1970,265.7000122,NA,NA,0.170731708,31.39999962
North Dakota,1970,93.80000305,NA,NA,0.184466019,37.29999924
Arkansas,1970,100.3000031,NA,NA,0.169006765,36.70000076
Virginia,1970,124.3000031,NA,NA,0.189421624,28.79999924
Illinois,1970,124.8000031,NA,NA,0.166966692,41.40000153
South Dakota,1970,92.69999695,NA,NA,0.178678676,38.5
Utah,1970,65.5,NA,NA,0.202077433,34.59999847
Georgia,1970,109.9000015,NA,NA,0.187445506,34.29999924
Mississippi,1970,93.40000153,NA,NA,0.183130354,36.20000076
Colorado,1970,124.8000031,NA,NA,0.19095023,29.39999962
Minnesota,1970,104.3000031,NA,NA,0.174724117,39.09999847
California,1970,123,NA,NA,0.178158328,38.79999924
Texas,1970,106.4000015,NA,NA,0.183141351,40.40000153
Kentucky,1970,155.8000031,NA,NA,0.181310147,28.29999924
Maine,1970,128.5,NA,NA,0.169014081,38
North Carolina,1970,172.3999939,NA,NA,0.193548381,27.29999924
Montana,1970,111.1999969,NA,NA,0.1757925,34
Vermont,1970,122.5999985,NA,NA,0.179775283,37.70000076
Iowa,1970,108.5,NA,NA,0.168849558,37.70000076
Connecticut,1970,120,NA,NA,0.16292876,42.20000076
Kansas,1970,114,NA,NA,0.180524677,34.20000076
Delaware,1970,155,NA,NA,0.173357666,39
Wisconsin,1970,106.4000015,NA,NA,0.174287006,38.5
Idaho,1970,102.4000015,NA,NA,0.178120613,33.79999924
New Mexico,1970,90,NA,NA,0.184857428,39.70000076
West Virginia,1970,114.5,NA,NA,0.172591746,33.70000076
Pennsylvania,1970,107.3000031,NA,NA,0.163375989,38.40000153
South Carolina,1970,103.5999985,NA,NA,0.200308755,32.5
Ohio,1970,121.5999985,NA,NA,0.173219487,36.59999847
Nebraska,1970,108.0999985,NA,NA,0.173737377,33.90000153
Missouri,1970,121.3000031,NA,NA,0.167592987,36
Alabama,1970,89.80000305,NA,NA,0.178861782,39.59999847
Wyoming,1970,132.1999969,NA,NA,0.1746988,34.09999847
Illinois,1971,125.5999985,NA,NA,0.168997601,41.40000153
New Hampshire,1971,278,NA,NA,0.172333896,34.09999847
South Dakota,1971,96.69999695,NA,NA,0.180492431,38.5
Kentucky,1971,163.5,NA,NA,0.182299584,30.10000038
Wyoming,1971,131.6999969,NA,NA,0.177228928,34.40000153
Montana,1971,115.5999985,NA,NA,0.177145898,34.70000076
Mississippi,1971,105.4000015,NA,NA,0.184373051,37.5
Kansas,1971,102.8000031,NA,NA,0.181550041,38.90000153
Delaware,1971,161.1000061,NA,NA,0.175887212,41.29999924
Utah,1971,67.69999695,NA,NA,0.20206134,36.59999847
Oklahoma,1971,115.4000015,NA,NA,0.176524818,39.79999924
Maine,1971,133.1999969,NA,NA,0.17033489,38.79999924
Georgia,1971,115.6999969,NA,NA,0.187866256,35.79999924
Virginia,1971,128.3999939,NA,NA,0.189873517,30.20000076
Missouri,1971,127.5999985,NA,NA,0.169259563,36.79999924
Alabama,1971,95.40000153,NA,NA,0.179927841,42.70000076
North Dakota,1971,98.5,NA,NA,0.186386958,38.90000153
North Carolina,1971,187.6000061,NA,NA,0.19367671,29.39999962
Idaho,1971,108.5,NA,NA,0.176092446,33.59999847
New Mexico,1971,92.59999847,NA,NA,0.186095402,41.70000076
Pennsylvania,1971,106.3000031,NA,NA,0.165084586,44.70000076
Arkansas,1971,104.0999985,NA,NA,0.169953853,38.79999924
Tennessee,1971,106.3000031,NA,NA,0.178819269,41.59999847
Nebraska,1971,108.5999985,NA,NA,0.175217137,34.70000076
Texas,1971,108.9000015,NA,NA,0.184308559,42
Ohio,1971,124.5999985,NA,NA,0.174539879,38.09999847
Wisconsin,1971,105.4000015,NA,NA,0.176344067,40.20000076
Iowa,1971,108.4000015,NA,NA,0.170838997,38.5
West Virginia,1971,111.5,NA,NA,0.173127443,41.59999847
California,1971,121,NA,NA,0.179296359,39.70000076
Colorado,1971,125.5,NA,NA,0.191647589,31.10000038
South Carolina,1971,115,NA,NA,0.200489283,34.29999924
Nevada,1971,190.5,NA,NA,0.163773775,44
Indiana,1971,139.3000031,NA,NA,0.17797175,32.20000076
Minnesota,1971,116.4000015,NA,NA,0.176731586,40.09999847
Louisiana,1971,119.8000031,NA,NA,0.186780781,39.29999924
Rhode Island,1971,123.1999969,NA,NA,0.183849499,40.20000076
Vermont,1971,124.4000015,NA,NA,0.181367218,39.5
Connecticut,1971,117.5999985,NA,NA,0.164653897,45.5
Georgia,1972,117,9.638890266,NA,0.18828699,40.90000153
Utah,1972,71.30000305,9.601121902,NA,0.202045247,37.20000076
Kentucky,1972,179.3999939,9.547482491,NA,0.183289036,30.60000038
South Dakota,1972,103,9.630848885,NA,0.182306185,39.09999847
Maine,1972,136.5,9.597140312,NA,0.171655715,41.5
Ohio,1972,124.4000015,9.779579163,NA,0.175860271,38.40000153
Tennessee,1972,111.5,9.569716454,NA,0.17959471,41.59999847
Nebraska,1972,104.9000015,9.74647522,NA,0.176696911,41.09999847
Rhode Island,1972,134.3999939,9.77021122,NA,0.184541091,41.59999847
Texas,1972,108.5999985,9.675209045,NA,0.185475767,46.90000153
New Hampshire,1972,296.2000122,9.736375809,NA,0.173936069,36.09999847
Oklahoma,1972,121.6999969,9.625026703,NA,0.177590474,39.79999924
Pennsylvania,1972,109,9.784274101,NA,0.166793168,44.70000076
Idaho,1972,126.0999985,9.651839256,NA,0.174064294,33.70000076
Iowa,1972,109.4000015,9.730264664,NA,0.172828451,41.90000153
Montana,1972,122.1999969,9.694641113,NA,0.178499311,40.09999847
Colorado,1972,134.3000031,9.805547714,NA,0.192344964,31.20000076
Vermont,1972,138,9.673069,NA,0.182959169,40
California,1972,123.5,9.930813789,NA,0.180434391,39.90000153
South Carolina,1972,118.6999969,9.509308815,NA,0.20066981,34.09999847
Nevada,1972,198.6000061,9.944232941,NA,0.165993348,40.59999847
Kansas,1972,111,9.768117905,NA,0.182575405,38.79999924
Arkansas,1972,103.9000015,9.464513779,NA,0.170900956,44.09999847
North Carolina,1972,214.1000061,9.590858459,NA,0.193805039,28.70000076
Louisiana,1972,125.3000031,9.517364502,NA,0.188376382,40
Virginia,1972,137,9.736405373,NA,0.190325409,29.89999962
West Virginia,1972,117.5,9.542987823,NA,0.173663139,41.29999924
Minnesota,1972,96.80000305,9.765188217,NA,0.178739056,45.20000076
Mississippi,1972,112.0999985,9.397449493,NA,0.185615748,37.40000153
Missouri,1972,130,9.733353615,NA,0.170926124,37.70000076
Wyoming,1972,140,9.766710281,NA,0.17975904,34.40000153
North Dakota,1972,103.8000031,9.697235107,NA,0.188307881,38.90000153
Connecticut,1972,110.8000031,9.981137276,NA,0.166379049,51.29999924
Indiana,1972,149.1999969,9.731872559,NA,0.179427639,32.5
Delaware,1972,156.3000031,9.909930229,NA,0.178416774,44.70000076
Illinois,1972,126.5999985,9.908161163,NA,0.17102851,41.90000153
Alabama,1972,101.0999985,9.498476028,NA,0.1809939,42.29999924
New Mexico,1972,99.30000305,9.557789803,NA,0.187333375,41.09999847
Wisconsin,1972,108.8000031,9.749258995,NA,0.178401127,40.29999924
Montana,1973,119.9000015,9.775742531,NA,0.179852724,40.90000153
Louisiana,1973,126.6999969,9.564110756,NA,0.189971998,39.90000153
Kansas,1973,115.1999969,9.838229179,NA,0.183600783,39.29999924
Virginia,1973,143.1000061,9.781524658,NA,0.190777287,30.10000038
Connecticut,1973,109.3000031,10.01298904,NA,0.168104187,50.59999847
North Dakota,1973,108.6999969,9.984169006,NA,0.19022882,39.40000153
Mississippi,1973,115,9.457062721,NA,0.186858445,37.29999924
Wisconsin,1973,109.5,9.797751427,NA,0.180458188,42.59999847
Missouri,1973,132.1000061,9.780752182,NA,0.1725927,37.70000076
Tennessee,1973,109.6999969,9.63097477,NA,0.180370152,40.79999924
New Mexico,1973,98.90000153,9.592716217,NA,0.188571349,41.79999924
North Carolina,1973,226.5,9.644994736,NA,0.193933368,28.89999962
Wyoming,1973,141.1999969,9.843484879,NA,0.182289153,34.40000153
Georgia,1973,119.8000031,9.684864998,NA,0.188707739,42.40000153
Idaho,1973,121.8000031,9.721051216,NA,0.172036126,36.29999924
West Virginia,1973,116.5999985,9.569655418,NA,0.174198836,39.90000153
Nebraska,1973,106.5999985,9.835298538,NA,0.178176671,41.20000076
Texas,1973,110.4000015,9.72544384,NA,0.186642975,46.40000153
Pennsylvania,1973,110.6999969,9.821087837,NA,0.168501765,44.90000153
Vermont,1973,146.8000031,9.699158669,NA,0.18455112,39.79999924
New Hampshire,1973,279,9.774945259,NA,0.175538257,36.90000153
Illinois,1973,124.4000015,9.961596489,NA,0.173059404,41
South Dakota,1973,103.5,9.80878067,NA,0.18411994,39.59999847
Iowa,1973,110.5999985,9.858371735,NA,0.17481789,41.90000153
Ohio,1973,120.5,9.826631546,NA,0.177180663,42
Indiana,1973,156,9.806882858,NA,0.180883527,32.90000153
Minnesota,1973,106.8000031,9.862045288,NA,0.180746526,45.59999847
Utah,1973,72.69999695,9.626667023,NA,0.202029154,36.5
Oklahoma,1973,124.0999985,9.682418823,NA,0.178656116,40.40000153
Rhode Island,1973,142,9.785203934,NA,0.185232699,40.59999847
Maine,1973,138,9.647285461,NA,0.172976524,41
South Carolina,1973,125.5,9.563993454,NA,0.200850338,33.5
Delaware,1973,154.6999969,9.948177338,NA,0.18094632,44
California,1973,124.4000015,9.95509243,NA,0.181572407,39.90000153
Colorado,1973,137.8999939,9.848413467,NA,0.193042323,32.70000076
Arkansas,1973,108,9.556830406,NA,0.171848044,45.09999847
Nevada,1973,201.5,9.980631828,NA,0.168212935,40.29999924
Alabama,1973,102.9000015,9.550107002,NA,0.182059944,42.09999847
Kentucky,1973,201.8999939,9.598114967,NA,0.184278488,30.60000038
Rhode Island,1974,146.1000061,9.765945435,NA,0.185924307,41.29999924
Idaho,1974,125.5999985,9.74626255,NA,0.170007959,38
Minnesota,1974,110.5999985,9.828342438,NA,0.182753995,47
Kansas,1974,118.5999985,9.810896873,NA,0.184626147,40.20000076
Nevada,1974,204.6999969,9.928623199,NA,0.170432508,41.90000153
South Dakota,1974,108.4000015,9.697823524,NA,0.185933694,40.40000153
Oklahoma,1974,130.5,9.675103188,NA,0.179721773,41
Pennsylvania,1974,114.1999969,9.814226151,NA,0.170210347,46.59999847
California,1974,126.6999969,9.947999001,NA,0.182710439,41.90000153
Tennessee,1974,114.8000031,9.609496117,NA,0.181145608,42.5
Maine,1974,142.1000061,9.636234283,NA,0.174297333,41.79999924
Illinois,1974,131.8999939,9.946314812,NA,0.175090313,41.90000153
West Virginia,1974,119.9000015,9.565595627,NA,0.174734533,42
Delaware,1974,151.3000031,9.918257713,NA,0.183475882,44.20000076
Kentucky,1974,212.3999939,9.600524902,NA,0.185267925,31.5
Indiana,1974,159.6000061,9.763184547,NA,0.1823394,34.5
Texas,1974,114.6999969,9.722986221,NA,0.187810183,47.5
Arkansas,1974,109.6999969,9.542285919,NA,0.172795132,45.5
New Hampshire,1974,269.7999878,9.747307777,NA,0.17714043,37.90000153
New Mexico,1974,100.3000031,9.584766388,NA,0.189809322,43.70000076
Wyoming,1974,145.8000031,9.859290123,NA,0.184819281,35.79999924
Missouri,1974,135.3999939,9.739014626,NA,0.174259275,38
Ohio,1974,122.0999985,9.811853409,NA,0.178501055,42.90000153
Nebraska,1974,110.5,9.766386986,NA,0.179656446,42
South Carolina,1974,129.6999969,9.558746338,NA,0.201030865,35.20000076
Louisiana,1974,129.8999939,9.579819679,NA,0.1915676,41.59999847
Georgia,1974,123.6999969,9.659980774,NA,0.189128473,42.40000153
North Carolina,1974,227.3000031,9.621204376,NA,0.194061697,30.10000038
Mississippi,1974,117.0999985,9.436392784,NA,0.188101143,41.40000153
Utah,1974,75.59999847,9.612169266,NA,0.20201306,37.79999924
Virginia,1974,149.6000061,9.772517204,NA,0.19122918,31.29999924
North Dakota,1974,110.5,9.864307404,NA,0.192149743,39.90000153
Connecticut,1974,112.4000015,9.988534927,NA,0.169829324,52.5
Vermont,1974,151.8000031,9.661791801,NA,0.186143056,41.29999924
Colorado,1974,132.8000031,9.840451241,NA,0.193739682,38.09999847
Iowa,1974,116.0999985,9.788276672,NA,0.176807329,43.20000076
Alabama,1974,108.1999969,9.537162781,NA,0.183126003,43.09999847
Montana,1974,121.9000015,9.740037918,NA,0.181206122,41.79999924
Wisconsin,1974,111.8000031,9.782348633,NA,0.182515249,43.90000153
Utah,1975,75.80000305,9.601020813,NA,0.201996967,40.5
Colorado,1975,131,9.828460693,NA,0.194437057,41.70000076
Kentucky,1975,223,9.579323769,NA,0.186257362,33.29999924
Vermont,1975,155.5,9.637124062,NA,0.187734991,41.79999924
Connecticut,1975,110.1999969,9.960748672,NA,0.171554476,54.5
Alabama,1975,111.6999969,9.540031433,NA,0.184192061,46.59999847
South Carolina,1975,130.5,9.527853966,NA,0.201211393,38.09999847
West Virginia,1975,123.1999969,9.58530426,NA,0.17527023,45.20000076
New Hampshire,1975,269.1000061,9.718851089,NA,0.178742617,40.79999924
Missouri,1975,135.6000061,9.730810165,NA,0.175925851,43.5
Oklahoma,1975,132.8999939,9.682616234,NA,0.180787429,43.59999847
Montana,1975,123.6999969,9.724646568,NA,0.18255952,43.70000076
Ohio,1975,122.5,9.783229828,NA,0.179821447,46
Maine,1975,140.6999969,9.60089016,NA,0.175618142,46.70000076
California,1975,127.0999985,9.937167168,NA,0.18384847,45
Pennsylvania,1975,114.5999985,9.804515839,NA,0.171918944,49.79999924
Mississippi,1975,116.8000031,9.413602829,NA,0.18934384,43
Arkansas,1975,114.8000031,9.514094353,NA,0.173742235,48.59999847
New Mexico,1975,103.0999985,9.596889496,NA,0.191047281,46.29999924
Wyoming,1975,160.6999969,9.848104477,NA,0.187349409,38.59999847
Texas,1975,116,9.734613419,NA,0.188977391,50.59999847
Delaware,1975,147.6000061,9.887531281,NA,0.186005428,45.90000153
Tennessee,1975,117.4000015,9.584546089,NA,0.181921065,45.29999924
Wisconsin,1975,113.5,9.766183853,NA,0.184572309,46.59999847
Iowa,1975,120.5,9.8002882,NA,0.178796768,45.40000153
Illinois,1975,131.8000031,9.934189796,NA,0.177121222,45.20000076
Nebraska,1975,114.0999985,9.797554016,NA,0.181136206,44.59999847
North Dakota,1975,117.9000015,9.806703568,NA,0.194070682,42.59999847
South Dakota,1975,113.5,9.694461823,NA,0.187747449,42.79999924
Indiana,1975,162.3999939,9.743660927,NA,0.183795273,36.70000076
Idaho,1975,123.3000031,9.692200661,NA,0.167979807,40.29999924
Rhode Island,1975,154.6999969,9.757125854,NA,0.186615914,44.29999924
Nevada,1975,205.1999969,9.915458679,NA,0.172652096,44.5
Kansas,1975,123.4000015,9.80061245,NA,0.185651511,42.70000076
Georgia,1975,122.9000015,9.629609108,NA,0.189549223,44.5
North Carolina,1975,226,9.590678215,NA,0.194190025,32.90000153
Virginia,1975,152.6999969,9.761776924,NA,0.191681072,33.59999847
Louisiana,1975,133.6000061,9.585207939,NA,0.193163201,44.29999924
Minnesota,1975,111.5,9.801631927,NA,0.184761465,49.40000153
Idaho,1976,125.0999985,9.731101036,NA,0.165951639,42.5
West Virginia,1976,129.6999969,9.626164436,NA,0.175805926,48.40000153
Iowa,1976,124.4000015,9.803332329,NA,0.180786222,47.79999924
Ohio,1976,124.5999985,9.831857681,NA,0.181141838,48.5
Missouri,1976,139.5,9.769454002,NA,0.177592412,44.70000076
Wisconsin,1976,115.4000015,9.807608604,NA,0.186629385,51.29999924
California,1976,128,9.976858139,NA,0.184986502,48.29999924
Oklahoma,1976,138.6000061,9.712260246,NA,0.181853086,46.40000153
Nevada,1976,201.3999939,9.955230713,NA,0.174871683,44.90000153
Texas,1976,121.4000015,9.780997276,NA,0.190144584,53.29999924
Georgia,1976,125.9000015,9.671429634,NA,0.189969972,47.90000153
Wyoming,1976,161.5,9.871498108,NA,0.189879522,42.59999847
Delaware,1976,153,9.920684814,NA,0.188534975,50.09999847
Colorado,1976,134.1999969,9.858913422,NA,0.195134416,44.79999924
Nebraska,1976,118.0999985,9.787974358,NA,0.182615966,46.79999924
Connecticut,1976,113.4000015,9.993227005,NA,0.173279613,57.59999847
Maine,1976,144.8999939,9.671687126,NA,0.176938966,49.90000153
South Carolina,1976,136.8000031,9.574728012,NA,0.20139192,41
Minnesota,1976,116.6999969,9.824930191,NA,0.186768949,52.09999847
South Dakota,1976,116.6999969,9.623667717,NA,0.189561188,45
Utah,1976,77.90000153,9.645159721,NA,0.201980874,43.40000153
Arkansas,1976,119.0999985,9.558153152,NA,0.174689323,50.90000153
North Carolina,1976,230.1999969,9.637135506,NA,0.194318369,35.79999924
Alabama,1976,116.1999969,9.591907501,NA,0.18525812,50.40000153
New Hampshire,1976,290.5,9.777043343,NA,0.180344805,43.90000153
Montana,1976,124.9000015,9.730798721,NA,0.183912933,45.29999924
Kansas,1976,127.6999969,9.830625534,NA,0.186676875,46.59999847
Illinois,1976,134.3999939,9.965497971,NA,0.179152131,48.40000153
Kentucky,1976,230.8999939,9.624856949,NA,0.187246814,36
North Dakota,1976,125.4000015,9.725509644,NA,0.19599162,45.90000153
Vermont,1976,171.1000061,9.680713654,NA,0.189326942,47.09999847
Louisiana,1976,139.6000061,9.644329071,NA,0.194758803,48.09999847
Indiana,1976,166.6000061,9.798754692,NA,0.185251161,38.70000076
New Mexico,1976,102.4000015,9.63261795,NA,0.192285255,49.5
Rhode Island,1976,150.1999969,9.795516968,NA,0.187307507,52.20000076
Tennessee,1976,121.6999969,9.632029533,NA,0.182696506,48.29999924
Pennsylvania,1976,118.8000031,9.843310356,NA,0.17362754,52.29999924
Virginia,1976,158.1000061,9.799572945,NA,0.192132965,37.90000153
Mississippi,1976,120.9000015,9.477991104,NA,0.190586522,46.40000153
Arkansas,1977,122.5999985,9.590923309,NA,0.175636411,52.59999847
Missouri,1977,140.8000031,9.808041573,NA,0.179258987,45.90000153
Oklahoma,1977,140.3999939,9.740366936,NA,0.182918742,47.90000153
Colorado,1977,132,9.888446808,NA,0.195831776,44.70000076
Indiana,1977,173,9.833314896,NA,0.18670705,40.59999847
Illinois,1977,134,9.996949196,NA,0.18118304,49.40000153
Vermont,1977,169.3999939,9.687761307,NA,0.190918893,47
West Virginia,1977,133.8999939,9.658364296,NA,0.176341623,48.90000153
Alabama,1977,117.0999985,9.617495537,NA,0.186324179,50.09999847
Delaware,1977,153.3000031,9.933778763,NA,0.191064537,51.70000076
North Carolina,1977,217,9.656974792,NA,0.194446698,36.59999847
New Mexico,1977,102.4000015,9.669967651,NA,0.193523228,51.59999847
Ohio,1977,127.3000031,9.872402191,NA,0.18246223,49.79999924
Nebraska,1977,117.6999969,9.80112648,NA,0.18409574,48.09999847
Kansas,1977,127.9000015,9.84807682,NA,0.187702239,48.09999847
California,1977,126.4000015,10.00269985,NA,0.186124533,49
Montana,1977,127,9.732776642,NA,0.185266346,47.59999847
Wyoming,1977,160.3999939,9.923920631,NA,0.192409635,43.40000153
Mississippi,1977,122.0999985,9.516371727,NA,0.191829219,48.79999924
Nevada,1977,190.8000031,10.00060081,NA,0.177091256,49.29999924
Connecticut,1977,117.3000031,10.02806854,NA,0.17500475,58.40000153
Minnesota,1977,117.1999969,9.87597847,NA,0.188776419,53.09999847
Maine,1977,145.6000061,9.678421021,NA,0.178259775,50.90000153
Rhode Island,1977,148.8000031,9.81970787,NA,0.187999114,52.29999924
South Carolina,1977,137.1999969,9.589701653,NA,0.201572448,42.20000076
Texas,1977,124.1999969,9.812738419,NA,0.191311792,53.29999924
Virginia,1977,157.6999969,9.828063011,NA,0.192584857,38.40000153
Utah,1977,78,9.673471451,NA,0.201964781,44.70000076
Louisiana,1977,140,9.679078102,NA,0.196354404,48.90000153
Iowa,1977,125.5,9.839320183,NA,0.182775661,49.40000153
Tennessee,1977,124.5999985,9.655990601,NA,0.183471948,49.59999847
New Hampshire,1977,278.7999878,9.806762695,NA,0.181946978,45
Idaho,1977,125,9.726507187,NA,0.163923472,45.59999847
Georgia,1977,127.9000015,9.69333744,NA,0.190390706,49.5
Kentucky,1977,229.3999939,9.672665596,NA,0.188236266,36.90000153
Pennsylvania,1977,120.0999985,9.873370171,NA,0.175336123,53.29999924
South Dakota,1977,115.5999985,9.678478241,NA,0.191374943,46.40000153
Wisconsin,1977,117.1999969,9.852297783,NA,0.188686445,52.09999847
North Dakota,1977,122.1999969,9.693218231,NA,0.197912544,47.40000153
Tennessee,1978,127.3000031,9.70067215,NA,0.184247404,54.79999924
Nevada,1978,187,10.06986713,NA,0.179310843,54.29999924
Arkansas,1978,127.3000031,9.657238007,NA,0.176583499,56.5
California,1978,126.0999985,10.04556465,NA,0.18726255,58.70000076
Missouri,1978,141.8000031,9.844763756,NA,0.180925563,49.90000153
Nebraska,1978,117.4000015,9.879457474,NA,0.1855755,53.59999847
Connecticut,1978,117.5,10.06320286,NA,0.176729888,61.70000076
New Mexico,1978,103.0999985,9.7172966,NA,0.194761202,56
Ohio,1978,131.3000031,9.899350166,NA,0.183782622,53.90000153
Pennsylvania,1978,122.3000031,9.902812958,NA,0.177044719,57.40000153
Utah,1978,79.59999847,9.708169937,NA,0.201948687,49.5
Georgia,1978,130.6000061,9.736651421,NA,0.190811455,54.70000076
Alabama,1978,123,9.654071808,NA,0.187390223,55.09999847
Vermont,1978,162.3999939,9.746977806,NA,0.192510828,52.5
North Carolina,1978,205.5,9.697710037,NA,0.194575027,41.79999924
New Hampshire,1978,269.6000061,9.853168488,NA,0.183549166,49.70000076
Oklahoma,1978,143.6000061,9.782526016,NA,0.183984384,53.09999847
Colorado,1978,129.1999969,9.933751106,NA,0.196529135,57.40000153
West Virginia,1978,131.6000061,9.687846184,NA,0.17687732,53.90000153
Rhode Island,1978,146.8000031,9.842970848,NA,0.188690722,56.29999924
Virginia,1978,155.8999939,9.868163109,NA,0.193036735,42.79999924
South Carolina,1978,140.3999939,9.626874924,NA,0.201752976,49.20000076
Montana,1978,127.1999969,9.814650536,NA,0.186619744,51.90000153
North Dakota,1978,121.9000015,9.859667778,NA,0.199833483,53.20000076
Maine,1978,143.8999939,9.698807716,NA,0.179580584,55
Kansas,1978,127.0999985,9.87560463,NA,0.188727617,52.59999847
Idaho,1978,122.8000031,9.768933296,NA,0.161895305,51.5
Indiana,1978,150.8999939,9.865232468,NA,0.188162923,50
Wisconsin,1978,116.6999969,9.889820099,NA,0.190743506,57.09999847
Illinois,1978,136.6999969,10.02360344,NA,0.183213934,54.59999847
Mississippi,1978,124.9000015,9.540334702,NA,0.193071917,53.59999847
Iowa,1978,127.0999985,9.914183617,NA,0.1847651,54.59999847
Kentucky,1978,224.6999969,9.703742981,NA,0.189225703,41.40000153
Delaware,1978,155.5,9.944127083,NA,0.193594083,58.70000076
Minnesota,1978,118.9000015,9.913441658,NA,0.190783888,57.90000153
Louisiana,1978,142.6999969,9.73168087,NA,0.19795002,54.20000076
Texas,1978,126.5999985,9.863806725,NA,0.192478999,59.09999847
South Dakota,1978,116.9000015,9.756708145,NA,0.193188697,53.20000076
Wyoming,1978,160.3000031,10.00353336,NA,0.194939762,49.79999924
Tennessee,1979,127.1999969,9.690542221,NA,0.185022861,57.29999924
Wyoming,1979,168.6000061,10.01673603,NA,0.19746989,51.70000076
Pennsylvania,1979,122.5999985,9.899785042,NA,0.178753302,60.59999847
Arkansas,1979,126.5,9.633533478,NA,0.177530602,58.40000153
Missouri,1979,140.1999969,9.847525597,NA,0.182592124,52.20000076
New Hampshire,1979,254.6000061,9.865933418,NA,0.185151339,53.20000076
Idaho,1979,117.5,9.737336159,NA,0.159867153,55.40000153
Kansas,1979,126.4000015,9.90379715,NA,0.189752981,54.79999924
Illinois,1979,135.3000031,10.01367474,NA,0.185244843,56.79999924
Mississippi,1979,123.9000015,9.552969933,NA,0.194314614,56.5
Virginia,1979,151.8000031,9.870886803,NA,0.193488628,45.79999924
Delaware,1979,150.1999969,9.926103592,NA,0.196123645,60
West Virginia,1979,122.0999985,9.683866501,NA,0.177413017,62.40000153
North Dakota,1979,121.3000031,9.782692909,NA,0.201754406,55
Louisiana,1979,140.1000061,9.737774849,NA,0.199545622,57.09999847
Indiana,1979,148.8999939,9.851489067,NA,0.189618796,52.5
Alabama,1979,121.4000015,9.649180412,NA,0.188456282,56.79999924
South Dakota,1979,117.4000015,9.752882957,NA,0.195002452,54.09999847
Texas,1979,126.4000015,9.877560616,NA,0.193646207,62.20000076
Ohio,1979,130.8999939,9.891590118,NA,0.185103014,56.29999924
New Mexico,1979,101,9.699996948,NA,0.195999175,57.59999847
Nevada,1979,183.3000031,10.05607414,NA,0.181530416,57.09999847
Connecticut,1979,117.4000015,10.07550812,NA,0.17845504,64.40000153
Minnesota,1979,118.3000031,9.909160614,NA,0.192791358,60.90000153
Kentucky,1979,214.8999939,9.70250988,NA,0.190215141,43.40000153
North Carolina,1979,197.3000031,9.681351662,NA,0.194703355,43.70000076
Utah,1979,79.09999847,9.694103241,NA,0.201932594,53.70000076
California,1979,121.9000015,10.0546875,NA,0.188400581,60.09999847
Georgia,1979,131,9.729302406,NA,0.19123219,56.59999847
Nebraska,1979,116.0999985,9.847172737,NA,0.187055275,55.40000153
Oklahoma,1979,141.6000061,9.809666634,NA,0.18505004,55.5
Montana,1979,120.3000031,9.778626442,NA,0.187973142,53.70000076
Vermont,1979,160.8999939,9.747611046,NA,0.194102764,54.79999924
Iowa,1979,124.1999969,9.881052971,NA,0.186754555,56.40000153
Rhode Island,1979,145.8000031,9.843946457,NA,0.189382315,58.70000076
Wisconsin,1979,117.0999985,9.89231205,NA,0.192800567,58.70000076
Colorado,1979,131.5,9.942219734,NA,0.197226509,52.79999924
Maine,1979,138.5,9.69419384,NA,0.180901408,54.5
South Carolina,1979,135.6999969,9.623209,NA,0.201933503,50.20000076
North Carolina,1980,187.8000031,9.656599998,NA,0.194831684,47.29999924
Maine,1980,141.1999969,9.683053017,NA,0.182222217,59
Idaho,1980,115.1999969,9.711496353,NA,0.157838985,56.40000153
Utah,1980,74.80000305,9.654541016,NA,0.201916501,57.20000076
Connecticut,1980,118,10.0747633,NA,0.180180177,67
Rhode Island,1980,149.3000031,9.835398674,NA,0.190073922,60
West Virginia,1980,122.3000031,9.652031898,NA,0.177948713,64.30000305
New Hampshire,1980,247.8000031,9.860693932,NA,0.186753526,55.29999924
Virginia,1980,148.8999939,9.866592407,NA,0.19394052,48.5
Minnesota,1980,117.6999969,9.877483368,NA,0.194798827,63
California,1980,120.1999969,10.03784084,NA,0.189538613,62.09999847
Vermont,1980,161.6000061,9.72296524,NA,0.195694715,58.90000153
Colorado,1980,131,9.943612099,NA,0.197923869,54.59999847
Delaware,1980,150.5,9.913743973,NA,0.198653191,62.70000076
Missouri,1980,142.1000061,9.801047325,NA,0.184258699,57.29999924
South Dakota,1980,114.6999969,9.616186142,NA,0.196816206,58.79999924
Kansas,1980,127.0999985,9.862443924,NA,0.190778345,58.29999924
Nebraska,1980,116.3000031,9.772380829,NA,0.188535035,59.5
Texas,1980,129.6999969,9.868579865,NA,0.194813415,63.70000076
Arkansas,1980,131.8000031,9.573802948,NA,0.17847769,61.5
Montana,1980,122,9.743378639,NA,0.189326555,56.70000076
Illinois,1980,135.1999969,9.962172508,NA,0.187275752,60
Wisconsin,1980,117.5999985,9.855584145,NA,0.194857627,61.20000076
North Dakota,1980,123.6999969,9.610508919,NA,0.203675345,59.59999847
Oklahoma,1980,141.6000061,9.811437607,NA,0.186115697,62.90000153
Ohio,1980,133.5,9.85091114,NA,0.186423406,58.70000076
New Mexico,1980,102.6999969,9.677751541,NA,0.197237149,62.59999847
South Carolina,1980,138.3000031,9.601185799,NA,0.202114031,52.29999924
Mississippi,1980,127,9.5035429,NA,0.195557311,59.70000076
Georgia,1980,134,9.701444626,NA,0.191652939,59.29999924
Alabama,1980,123.1999969,9.612194061,NA,0.189522341,60.59999847
Kentucky,1980,215.3000031,9.661358833,NA,0.191204593,46.29999924
Tennessee,1980,130.3999939,9.657697678,NA,0.185798302,60.29999924
Wyoming,1980,158.1000061,10.01395512,NA,0.200000003,55.29999924
Iowa,1980,124.5999985,9.810102463,NA,0.188743994,58.79999924
Pennsylvania,1980,124,9.869997978,NA,0.180461898,61.29999924
Nevada,1980,177.6999969,10.03424549,NA,0.183750004,63.09999847
Louisiana,1980,143.8000031,9.739491463,NA,0.201141223,60
Indiana,1980,146.8999939,9.795776367,NA,0.191074684,53.70000076
Arkansas,1981,128.6999969,9.59304142,NA,0.175011113,64.69999695
Georgia,1981,131.6999969,9.704943657,NA,0.187975734,62.59999847
Alabama,1981,119.5999985,9.609594345,NA,0.185842231,68.80000305
South Dakota,1981,115.6999969,9.665717125,NA,0.191009626,62.29999924
Mississippi,1981,125.3000031,9.512449265,NA,0.192040771,63
Nevada,1981,171.8999939,10.00596333,NA,0.178541943,63.29999924
Utah,1981,77.59999847,9.640061378,NA,0.198394999,62.70000076
Montana,1981,121.0999985,9.757293701,NA,0.183338717,60.40000153
Idaho,1981,114.0999985,9.684898376,NA,0.156383425,59.20000076
New Mexico,1981,103,9.680828094,NA,0.191505611,63
Delaware,1981,152.6000061,9.901392937,NA,0.193546012,66
Louisiana,1981,144,9.765061378,NA,0.196343154,62.59999847
Kentucky,1981,209.6999969,9.665572166,NA,0.18725346,49.40000153
Indiana,1981,148.5,9.788149834,NA,0.187078431,58.29999924
Colorado,1981,133.8000031,9.957273483,NA,0.191868708,58.09999847
Oklahoma,1981,143.6999969,9.844989777,NA,0.181768253,65.80000305
Rhode Island,1981,151.1999969,9.836283684,NA,0.186410457,64.5
Maine,1981,138.8999939,9.67944622,NA,0.178096578,62.90000153
North Dakota,1981,125.6999969,9.76184845,NA,0.197956875,62
Illinois,1981,133,9.965017319,NA,0.183027104,63.09999847
West Virginia,1981,120.5,9.629268646,NA,0.174669161,66.19999695
Nebraska,1981,117,9.81427002,NA,0.183547944,60.90000153
Tennessee,1981,129.1000061,9.655215263,NA,0.182105228,63.70000076
New Hampshire,1981,245.3999939,9.867042542,NA,0.182374835,58.40000153
Wyoming,1981,163.1000061,9.99971962,NA,0.193551764,55.90000153
South Carolina,1981,136.1000061,9.600561142,NA,0.197688997,54.70000076
Virginia,1981,149.8999939,9.867190361,NA,0.189806134,51.79999924
Ohio,1981,132.8000031,9.83551693,NA,0.182279631,61.40000153
Iowa,1981,132.8999939,9.838684082,NA,0.184035227,61.40000153
Pennsylvania,1981,125.1999969,9.866443634,NA,0.176455587,64.80000305
California,1981,118.5999985,10.02862644,NA,0.185537055,66.40000153
Minnesota,1981,120.8000031,9.867996216,NA,0.189215153,65.80000305
North Carolina,1981,179.3000031,9.661784172,NA,0.190966532,50
Texas,1981,129,9.898188591,NA,0.190550059,66.90000153
Missouri,1981,140.5,9.810366631,NA,0.179832503,59.90000153
Connecticut,1981,116.4000015,10.07957172,NA,0.176050052,80.09999847
Kansas,1981,132,9.877179146,NA,0.185729414,59.79999924
Wisconsin,1981,119.9000015,9.834293365,NA,0.189779818,64.90000153
Vermont,1981,163.8000031,9.72743988,NA,0.191106632,61
Minnesota,1982,119.4000015,9.863185883,NA,0.183631495,71.69999695
North Dakota,1982,126.8000031,9.764913559,NA,0.19223839,67.80000305
Kansas,1982,130.8999939,9.881303787,NA,0.180680498,65.09999847
Nebraska,1982,117.0999985,9.799477577,NA,0.178560853,69.69999695
Tennessee,1982,131.3999939,9.642688751,NA,0.178412154,68.30000305
Oklahoma,1982,147,9.853139877,NA,0.17742081,71.69999695
Missouri,1982,139.6999969,9.802687645,NA,0.175406292,64.69999695
South Dakota,1982,113,9.649112701,NA,0.185203031,68
Indiana,1982,147.6999969,9.757754326,NA,0.183082163,65.09999847
California,1982,115.4000015,10.01253033,NA,0.181535497,72.80000305
Idaho,1982,111.5,9.645256996,NA,0.15492785,67.59999847
South Carolina,1982,136,9.583789825,NA,0.193263978,61.90000153
North Carolina,1982,179,9.649224281,NA,0.187101394,55.5
Pennsylvania,1982,123.3000031,9.862766266,NA,0.172449291,69.80000305
Georgia,1982,131.1999969,9.707344055,NA,0.18429853,67.80000305
Nevada,1982,165.1000061,9.956868172,NA,0.173333883,71.59999847
Texas,1982,131.1999969,9.887208939,NA,0.186286718,73.80000305
New Mexico,1982,97.5,9.678599358,NA,0.185774088,69.40000153
Maine,1982,139.5,9.68356514,NA,0.173970938,69.69999695
Alabama,1982,119.0999985,9.597579956,NA,0.182162121,73.09999847
West Virginia,1982,119.8000031,9.626737595,NA,0.17138961,75.09999847
Utah,1982,73.59999847,9.6280756,NA,0.194873497,68.09999847
New Hampshire,1982,239.8000031,9.876245499,NA,0.177996144,67
Connecticut,1982,114.6999969,10.09016323,NA,0.171919927,85.59999847
Virginia,1982,147.3999939,9.870553017,NA,0.185671732,56.40000153
Colorado,1982,130.5,9.96261692,NA,0.185813561,61.40000153
Arkansas,1982,127.4000015,9.573699951,NA,0.171544537,72.09999847
Wisconsin,1982,115.5999985,9.821298599,NA,0.184702009,75
Kentucky,1982,210.6000061,9.654259682,NA,0.183302343,56.29999924
Rhode Island,1982,146.3000031,9.842974663,NA,0.182746992,71.59999847
Illinois,1982,130.6999969,9.944978714,NA,0.17877847,69.59999847
Wyoming,1982,157.6999969,9.945314407,NA,0.187103525,64.30000305
Ohio,1982,134,9.815444946,NA,0.178135857,68.30000305
Delaware,1982,154.1000061,9.904336929,NA,0.188438848,74.09999847
Vermont,1982,162.3000031,9.723439217,NA,0.186518535,66.80000305
Montana,1982,122.4000015,9.73567009,NA,0.177350879,65.69999695
Mississippi,1982,125.8000031,9.498247147,NA,0.188524231,69.19999695
Louisiana,1982,143.8999939,9.753126144,NA,0.191545069,70.30000305
Iowa,1982,116.1999969,9.795305252,NA,0.17932646,72.80000305
Texas,1983,126.4000015,9.88021183,NA,0.182023361,84.09999847
Ohio,1983,130,9.83649826,NA,0.173992082,82.5
Illinois,1983,127.9000015,9.954803467,NA,0.174529821,80.80000305
Nevada,1983,159.1999969,9.96372509,NA,0.168125823,81.90000153
Louisiana,1983,133.6999969,9.746861458,NA,0.186747,80.69999695
West Virginia,1983,115.6999969,9.612957001,NA,0.168110058,88.19999695
Tennessee,1983,129,9.672341347,NA,0.174719065,79.09999847
Wisconsin,1983,106.3000031,9.838350296,NA,0.1796242,92
South Carolina,1983,131.1000061,9.625990868,NA,0.188838944,72.40000153
Minnesota,1983,113.1999969,9.874606133,NA,0.178047821,87.30000305
Pennsylvania,1983,125.3000031,9.876906395,NA,0.168442979,81.69999695
Colorado,1983,125.3000031,9.97803688,NA,0.1797584,73.30000305
Montana,1983,113.6999969,9.748160362,NA,0.171363041,77.19999695
New Mexico,1983,96.30000305,9.686483383,NA,0.18004255,79.59999847
Missouri,1983,134.1000061,9.82930088,NA,0.170980096,74.80000305
Maine,1983,135.3999939,9.724024773,NA,0.169845313,80.80000305
Oklahoma,1983,140,9.80484581,NA,0.173073366,83.90000153
Vermont,1983,153.8000031,9.759016991,NA,0.181930453,77
Mississippi,1983,122.3000031,9.504479408,NA,0.185007691,78.59999847
Rhode Island,1983,135.8000031,9.882348061,NA,0.179083511,84
Nebraska,1983,110.8000031,9.802988052,NA,0.173573762,83.69999695
Kansas,1983,127.5999985,9.885565758,NA,0.175631583,77
Georgia,1983,128.6000061,9.755731583,NA,0.180621326,78.90000153
Delaware,1983,149.6000061,9.934576035,NA,0.183331668,82
Kentucky,1983,201.1000061,9.642765045,NA,0.179351211,66.40000153
North Dakota,1983,119.5999985,9.792011261,NA,0.186519921,77.90000153
Arkansas,1983,128,9.593052864,NA,0.168077946,82
Wyoming,1983,141.1999969,9.884187698,NA,0.180655286,71
Iowa,1983,115.5999985,9.783572197,NA,0.174617708,84
South Dakota,1983,109.8000031,9.655467033,NA,0.179396451,78.80000305
California,1983,110.8000031,10.03173733,NA,0.177533939,84.90000153
New Hampshire,1983,232.8999939,9.940467834,NA,0.173617467,74.69999695
Alabama,1983,116.3000031,9.626769066,NA,0.178482011,84.40000153
Indiana,1983,143,9.775057793,NA,0.17908591,75.69999695
North Carolina,1983,169.8000031,9.693886757,NA,0.183236241,66
Utah,1983,69,9.643307686,NA,0.191351995,82
Connecticut,1983,114.0999985,10.12007046,NA,0.167789817,95.59999847
Idaho,1983,111.3000031,9.694543839,NA,0.153472289,76.5
Virginia,1983,144.6999969,9.907087326,NA,0.18153733,68.80000305
Indiana,1984,137.8000031,9.829457283,22,0.175089657,85.19999695
Pennsylvania,1984,115.3000031,9.911305428,24.89999962,0.164436668,97.69999695
West Virginia,1984,111.9000015,9.640778542,19.70000076,0.164830506,97.19999695
Montana,1984,110.0999985,9.745220184,29.39999962,0.165375203,91.30000305
Kansas,1984,121.6999969,9.916464806,20.70000076,0.170582652,91
Arkansas,1984,123.0999985,9.650440216,17.89999962,0.164611369,93.59999847
Vermont,1984,144.3000031,9.805239677,26.29999924,0.177342355,90.59999847
California,1984,104.8000031,10.07535934,25,0.173532382,94.90000153
South Carolina,1984,127,9.675048828,22,0.184413925,81.30000305
Mississippi,1984,116.4000015,9.545903206,20.10000038,0.181491151,89
Kentucky,1984,183.1999969,9.699555397,18.5,0.175400078,75.40000153
Tennessee,1984,125.0999985,9.729241371,19.70000076,0.171025991,88.30000305
New Mexico,1984,88.90000153,9.707865715,28.29999924,0.174311012,90.19999695
Connecticut,1984,112.5,10.18159676,20.29999924,0.163659692,113.5
New Hampshire,1984,215.1000061,10.00682926,35.59999847,0.169238776,90.5
Nevada,1984,136.6000061,9.994217873,35.09999847,0.162917763,99.80000305
Ohio,1984,127.0999985,9.884094238,24.89999962,0.169848308,89.19999695
Virginia,1984,136.8000031,9.955709457,22.39999962,0.177402943,76
Georgia,1984,126.3000031,9.825489998,21.29999924,0.176944122,86.80000305
Nebraska,1984,107.6999969,9.853515625,25.39999962,0.168586671,94.80000305
Colorado,1984,119.6999969,10.00204563,25.70000076,0.173703253,83.40000153
Minnesota,1984,110.8000031,9.950922966,23.5,0.172464162,99.19999695
Utah,1984,66.30000305,9.678897858,13.39999962,0.187830493,95.30000305
Oklahoma,1984,128.1000061,9.813323021,17.79999924,0.168725923,93.30000305
Alabama,1984,113,9.671621323,18,0.174801901,90.80000305
Missouri,1984,130,9.881512642,23.70000076,0.166553885,84.80000305
Texas,1984,117.1999969,9.909603119,29.79999924,0.177760005,93.80000305
Wisconsin,1984,105.5999985,9.881548882,32.90000153,0.174546391,100.8000031
Rhode Island,1984,136.8999939,9.93138504,25.10000038,0.175420046,94.80000305
North Dakota,1984,109.4000015,9.79562664,24,0.180801436,94.40000153
Louisiana,1984,128.8999939,9.760681152,23.79999924,0.181948915,90.69999695
Idaho,1984,103.5999985,9.707316399,23.20000076,0.152016714,88.5
Illinois,1984,124,10.00314426,24.60000038,0.170281187,89.59999847
Maine,1984,135.5,9.774763107,22.10000038,0.165719673,93.69999695
Delaware,1984,144,9.962282181,26.60000038,0.178224504,91.09999847
North Carolina,1984,160.6000061,9.753726006,19.79999924,0.179371104,75
Wyoming,1984,128.8999939,9.88435173,26.29999924,0.174207047,81.69999695
South Dakota,1984,105.6999969,9.72109127,21.70000076,0.17358987,89.80000305
Iowa,1984,111.1999969,9.831582069,23.89999962,0.169908941,93.30000305
Kansas,1985,115.6999969,9.935948372,20.10000038,0.165533721,97.5
Minnesota,1985,113,9.968969345,23,0.166880488,101.5
Iowa,1985,109.4000015,9.839344978,22.89999962,0.165200174,99.5
Utah,1985,66.5,9.697767258,13.80000019,0.184309006,104.5999985
Ohio,1985,126.6999969,9.904476166,24.20000076,0.165704519,92.19999695
North Carolina,1985,156.3000031,9.781757355,19.70000076,0.175505951,78.90000153
New Mexico,1985,88,9.734749794,28.70000076,0.168579489,97.5
Oklahoma,1985,124.1999969,9.816129684,18.10000038,0.164378494,95.09999847
Tennessee,1985,128.6999969,9.757004738,19.79999924,0.167332917,92.5
Illinois,1985,121.5999985,10.02081871,24.29999924,0.166032538,96.69999695
Idaho,1985,100.6999969,9.715256691,22.29999924,0.150561154,97.59999847
West Virginia,1985,109.0999985,9.651716232,19.70000076,0.161550969,103.1999969
Vermont,1985,144.5,9.848504066,26.60000038,0.172754273,95.5
Alabama,1985,114.5,9.703192711,18.70000076,0.171121791,99
Connecticut,1985,111,10.21291733,20.79999924,0.159529567,118.5999985
Louisiana,1985,125,9.761659622,23,0.177150846,103
Kentucky,1985,182.3999939,9.703631401,18.89999962,0.171448946,79.30000305
South Carolina,1985,125.4000015,9.697684288,22.10000038,0.179988891,83
Wyoming,1985,125.6999969,9.910658836,26,0.167758822,87.40000153
Nevada,1985,146.6999969,10.02567673,35.70000076,0.157709703,109.3000031
Delaware,1985,144.5,9.996334076,26.20000076,0.173117325,98.69999695
North Dakota,1985,103.1999969,9.793513298,23.10000038,0.175082967,100.5999985
Missouri,1985,129.1999969,9.913291931,23.70000076,0.162127689,93.69999695
California,1985,102.8000031,10.09970284,24,0.169530824,98
Rhode Island,1985,133.3999939,9.955239296,25.70000076,0.17175658,100.3000031
Georgia,1985,128.8000031,9.862127304,21.39999962,0.173266917,90.69999695
Maine,1985,127.9000015,9.807659149,22.20000076,0.161594033,98.09999847
Wisconsin,1985,107,9.894386292,32.09999847,0.169468582,106.8000031
Colorado,1985,112.4000015,10.00077915,25.20000076,0.167648092,93.09999847
Nebraska,1985,105.0999985,9.875531197,24.60000038,0.163599581,95.80000305
Arkansas,1985,125.8000031,9.675526619,18.10000038,0.161144793,98.5
New Hampshire,1985,201.1000061,10.0613327,35.70000076,0.164860085,89.19999695
Mississippi,1985,115.3000031,9.553736687,20.60000038,0.177974612,96.40000153
Pennsylvania,1985,115.8000031,9.944738388,24.89999962,0.160430372,100.0999985
Virginia,1985,134.6000061,9.984970093,22.39999962,0.173268557,83.59999847
Montana,1985,103.5999985,9.72940731,27.79999924,0.15938738,95.5
Indiana,1985,135.3000031,9.844302177,22,0.171093404,88.80000305
Texas,1985,115.9000015,9.928035736,29.10000038,0.173496664,102.0999985
South Dakota,1985,104.4000015,9.719058037,20.89999962,0.16778329,92.30000305
Missouri,1986,128.8000031,9.94677639,24.20000076,0.157701492,101.9000015
Arkansas,1986,126,9.705939293,18.70000076,0.157678217,103.5999985
South Carolina,1986,126.5999985,9.729728699,22.89999962,0.175563857,88.69999695
Pennsylvania,1986,113.9000015,9.987108231,25.20000076,0.15642406,104.9000015
Kentucky,1986,179.8000031,9.729916573,19.20000076,0.167497829,85.40000153
California,1986,99.69999695,10.12726688,24.70000076,0.165529266,104.4000015
Connecticut,1986,108.5,10.26860905,20.60000038,0.155399442,118.5
Rhode Island,1986,136.3000031,10.00256538,26,0.168093115,101.8000031
New Hampshire,1986,195.8999939,10.12613201,34.70000076,0.160481393,100
Minnesota,1986,104.3000031,10.00552177,23,0.161296815,116.3000031
Utah,1986,64.40000153,9.715573311,13.69999981,0.180787504,103.5
Kansas,1986,109.4000015,9.961418152,19.89999962,0.160484806,103
Maine,1986,119,9.874090195,22.39999962,0.157468393,112.6999969
Nevada,1986,142.6000061,10.06372929,37.20000076,0.152501643,106.5999985
Wisconsin,1986,105.4000015,9.932972908,32.70000076,0.164390773,110.8000031
Illinois,1986,118.1999969,10.05529976,24.70000076,0.161783889,108.4000015
Indiana,1986,137.6000061,9.882231712,22.10000038,0.167097136,93.59999847
Alabama,1986,116.3000031,9.745949745,19.29999924,0.167441681,103
West Virginia,1986,112.0999985,9.688000679,19.60000038,0.158271417,104.0999985
Montana,1986,97.80000305,9.774852753,27.39999962,0.153399542,102
Iowa,1986,104.0999985,9.870233536,23.29999924,0.160491407,104.8000031
Ohio,1986,126.3000031,9.938112259,23.39999962,0.161560744,98.09999847
Nebraska,1986,103.0999985,9.896881104,24.5,0.158612505,104
Idaho,1986,96.69999695,9.736213684,22.5,0.149105594,99.90000153
Colorado,1986,109.9000015,10.00159264,25.5,0.161592931,95.09999847
Wyoming,1986,124.8000031,9.874266624,24.5,0.161310583,97.80000305
Texas,1986,113.6999969,9.898400307,29,0.169233307,105.5
South Dakota,1986,97,9.753732681,21.20000076,0.161976695,108.5
Tennessee,1986,129,9.814326286,20.89999962,0.163639843,98.80000305
Vermont,1986,131.1999969,9.907774925,27.60000038,0.16816619,104.9000015
North Carolina,1986,154.3999939,9.830363274,20,0.171640798,83.69999695
Virginia,1986,135.8000031,10.03190517,23.39999962,0.169134155,91.30000305
Georgia,1986,129,9.913808823,22.10000038,0.169589728,100.0999985
Delaware,1986,142.3999939,10.03209209,26,0.168010145,105.1999969
Oklahoma,1986,119.9000015,9.801921844,18.29999924,0.16003105,104.5999985
North Dakota,1986,99.80000305,9.80461216,23,0.169364497,104.1999969
Mississippi,1986,113.1999969,9.576477051,21.5,0.174458086,106
Louisiana,1986,121.1999969,9.74059391,23.70000076,0.172352776,105.0999985
New Mexico,1986,88.19999695,9.73690033,27.89999962,0.162847951,101.1999969
Delaware,1987,141,10.04857063,25.89999962,0.162902981,111.4000015
Rhode Island,1987,124.4000015,10.02757072,25.60000038,0.16442965,113.5
Wisconsin,1987,106,9.941293716,31.5,0.159312963,116.3000031
Missouri,1987,128.6999969,9.953277588,24.20000076,0.153275281,108.5
Connecticut,1987,109,10.3092289,21.10000038,0.151269317,122.6999969
Colorado,1987,102.4000015,9.994426727,24.79999924,0.155537784,108.5999985
Georgia,1987,129.3000031,9.930797577,22.29999924,0.165912524,103.9000015
Ohio,1987,124.5999985,9.943062782,23.89999962,0.15741697,102.1999969
California,1987,97.5,10.13430119,24.10000038,0.161527708,103.9000015
Indiana,1987,134,9.897043228,21.89999962,0.163100883,100.0999985
Utah,1987,67.69999695,9.719885826,13,0.177266002,108.5999985
Wyoming,1987,110.4000015,9.839848518,24.5,0.154862344,102.6999969
Kansas,1987,105.1999969,9.962820053,19.70000076,0.15543589,114.5
Mississippi,1987,110,9.599513054,21.60000038,0.170941547,115.8000031
Vermont,1987,128.3000031,9.935688019,27.79999924,0.163578093,113.8000031
Maine,1987,125,9.911307335,22.60000038,0.153342754,121.1999969
Louisiana,1987,116.5,9.716698647,24.29999924,0.167554691,117.8000031
Pennsylvania,1987,110.5999985,10.00092793,25.10000038,0.152417749,110
South Carolina,1987,126.5999985,9.754576683,23.5,0.171138838,95.30000305
North Dakota,1987,92.30000305,9.789935112,23.29999924,0.163646013,110.3000031
Nevada,1987,147.6999969,10.07728004,37.70000076,0.147293583,114
Texas,1987,105.8000031,9.889120102,27.5,0.164969951,114.4000015
Nebraska,1987,101.3000031,9.899986267,24.79999924,0.153625414,113.6999969
Oklahoma,1987,113.0999985,9.779805183,18.20000076,0.155683607,114.4000015
North Carolina,1987,150.5,9.854593277,20,0.167775661,90.59999847
South Dakota,1987,95.80000305,9.779506683,21.5,0.156170115,113.6999969
Iowa,1987,101.0999985,9.887944221,23.10000038,0.15578264,117.0999985
Montana,1987,91.69999695,9.77811718,27.20000076,0.147411704,106.1999969
New Hampshire,1987,195.1000061,10.14629078,34.70000076,0.156102702,102
Virginia,1987,133,10.05442619,23.5,0.164999753,94.59999847
Illinois,1987,109.5,10.06775475,25.10000038,0.157535255,116.1999969
Arkansas,1987,122.3000031,9.705574036,19,0.15421164,113
Minnesota,1987,108.8000031,10.02376842,23.20000076,0.155713156,120.0999985
Tennessee,1987,130.6000061,9.842340469,21,0.159946769,103.5
Alabama,1987,114,9.762091637,19.39999962,0.163761571,110
New Mexico,1987,82.30000305,9.729162216,27.79999924,0.157116413,110.1999969
Idaho,1987,95,9.740722656,22,0.147650018,107.0999985
Kentucky,1987,171.1999969,9.739725113,19,0.163546696,90.5
West Virginia,1987,107.5,9.683080673,19.89999962,0.154991865,112.8000031
Colorado,1988,94.59999847,10.01883125,24.20000076,0.149482623,116
Utah,1988,55,9.729156494,12.80000019,0.1737445,122.9000015
South Dakota,1988,91.90000153,9.76535511,21,0.150363535,124.6999969
Georgia,1988,124.0999985,9.95286274,21.70000076,0.16223532,109.1999969
California,1988,90.09999847,10.1416626,23.60000038,0.15752615,117.4000015
Delaware,1988,137.1000061,10.0777216,25.70000076,0.157795802,119.3000031
Connecticut,1988,104.8000031,10.35539532,20.70000076,0.147139207,129.6999969
Arkansas,1988,121.5,9.721531868,18.89999962,0.150745049,119.9000015
Kentucky,1988,173.1999969,9.758579254,19.10000038,0.159595564,94.40000153
Louisiana,1988,110.9000015,9.744105339,24.60000038,0.162756622,120.4000015
New Hampshire,1988,180.3999939,10.17226982,34.09999847,0.151724026,113.5
Kansas,1988,103.1999969,9.969702721,19.29999924,0.150386959,123.9000015
Maine,1988,125,9.944215775,22.89999962,0.149217129,129
Vermont,1988,128.6999969,9.960270882,27,0.158990011,123.6999969
Tennessee,1988,125.3000031,9.864699364,21.5,0.156253681,112.0999985
Idaho,1988,84.5,9.766003609,21.10000038,0.146194458,121.9000015
Wisconsin,1988,102.5999985,9.947214127,31,0.154235154,128.6000061
Ohio,1988,122.4000015,9.968594551,23.70000076,0.153273195,108.4000015
Indiana,1988,134,9.915044785,21.89999962,0.15910463,109.3000031
New Mexico,1988,77.69999695,9.743268013,27.20000076,0.151384875,113.6999969
Illinois,1988,107.5999985,10.08795643,25,0.153286606,124.0999985
North Carolina,1988,146,9.882553101,20.10000038,0.163910508,96
Montana,1988,87.09999847,9.765144348,27.60000038,0.141423866,115.3000031
Virginia,1988,129.5,10.07845879,23.29999924,0.160865366,102.0999985
Nevada,1988,141.8999939,10.09818554,39.29999924,0.142085522,129.6000061
Minnesota,1988,94.09999847,10.0166111,22.89999962,0.150129482,141.6999969
Pennsylvania,1988,107.5999985,10.02141285,25.29999924,0.148411438,112.3000031
Nebraska,1988,92.90000153,9.935324669,24.29999924,0.148638323,123.3000031
Oklahoma,1988,103.5999985,9.801469803,18.29999924,0.151336163,122.5999985
Mississippi,1988,109,9.627285957,21.89999962,0.167425007,122.5999985
Texas,1988,96.5,9.905222893,27.5,0.160706595,128
Missouri,1988,127.4000015,9.958258629,23.60000038,0.148849085,114.5999985
South Carolina,1988,124.4000015,9.792578697,24,0.166713804,99.90000153
Wyoming,1988,114.3000031,9.87064743,23.60000038,0.148414105,112.9000015
Iowa,1988,100.1999969,9.875571251,23,0.151073888,124.1999969
Rhode Island,1988,138,10.06529713,25.29999924,0.160766169,121.5
Alabama,1988,112.0999985,9.781769753,19.39999962,0.160081461,114.4000015
North Dakota,1988,87.09999847,9.692095757,24.10000038,0.157927543,123.3000031
West Virginia,1988,109.0999985,9.708300591,20.10000038,0.151712313,122.1999969
California,1989,82.40000153,10.142313,23.70000076,0.153524593,126.4000015
North Dakota,1989,84.09999847,9.786231041,24.5,0.152209058,135.8999939
South Carolina,1989,122.4000015,9.796467781,24,0.162288785,111.9000015
Arkansas,1989,118.3000031,9.737370491,19,0.147278473,127.6999969
Indiana,1989,132.5,9.936581612,21.5,0.155108362,119
Wyoming,1989,111.4000015,9.892477036,23,0.141965866,118.5999985
Missouri,1989,122.8000031,9.972258568,23.60000038,0.144422874,118.9000015
Mississippi,1989,108.3000031,9.643641472,21.60000038,0.163908467,125.8000031
Rhode Island,1989,120.8000031,10.08002472,24.79999924,0.157102704,134.8000031
Alabama,1989,105.5999985,9.802527428,19.39999962,0.156401351,122.3000031
Minnesota,1989,92.30000305,10.0474081,22.5,0.144545823,152.5
Oklahoma,1989,97.5,9.818205833,18.39999962,0.14698872,133.3999939
Nevada,1989,137.8999939,10.12983227,40.40000153,0.136877462,145.6000061
Utah,1989,57,9.746020317,12.69999981,0.170222998,135.6000061
Iowa,1989,94.40000153,9.915924072,22.70000076,0.146365121,145.1000061
North Carolina,1989,139.3000031,9.889288902,20.29999924,0.16004537,107.5999985
Colorado,1989,88.80000305,10.04306316,23.89999962,0.143427476,130.8000031
Kentucky,1989,171.6000061,9.787341118,18.29999924,0.155644447,103.8000031
Tennessee,1989,124.6999969,9.878852844,21.10000038,0.152560607,121.5
New Hampshire,1989,172.8999939,10.15990925,33.29999924,0.147345334,125.9000015
Idaho,1989,78.40000153,9.827926636,21.60000038,0.144738883,133.6000061
Vermont,1989,120.9000015,9.992055893,26,0.154401913,129.6999969
Nebraska,1989,93.80000305,9.941367149,24.10000038,0.143651232,139.3000031
New Mexico,1989,74.40000153,9.760063171,27.89999962,0.145653352,127.1999969
Wisconsin,1989,100.3000031,9.965262413,30.20000076,0.149157345,138.3000031
Kansas,1989,96.5,9.962952614,19.39999962,0.145338029,136.5
Georgia,1989,117.0999985,9.95390892,21.5,0.158558115,122.4000015
Louisiana,1989,103.5999985,9.750065804,24.39999962,0.157958537,130.6999969
Montana,1989,86.19999695,9.815179825,27.20000076,0.135436028,123
Texas,1989,94.5,9.919108391,27.60000038,0.156443253,137
Connecticut,1989,100.5999985,10.36652374,19.79999924,0.143009081,142
South Dakota,1989,87.40000153,9.814281464,21.60000038,0.14455694,130.1000061
Virginia,1989,122.5,10.09795761,23.60000038,0.15673098,109.4000015
Illinois,1989,104.5999985,10.11390686,24.39999962,0.149037972,132.6999969
Delaware,1989,131.6999969,10.10360527,24.89999962,0.152688637,124
Ohio,1989,118.5999985,9.977870941,23.89999962,0.149129421,120.5
West Virginia,1989,104,9.724772453,20.20000076,0.148432761,131.1999969
Pennsylvania,1989,107.0999985,10.0474472,24.60000038,0.144405141,122.8000031
Maine,1989,122.4000015,9.967079163,21.79999924,0.145091489,144.3999939
South Dakota,1990,88.30000305,9.861736298,23.39999962,0.138750359,138.8999939
Colorado,1990,87.40000153,10.0462513,24.20000076,0.137372315,149.3000031
Texas,1990,85.59999847,9.930641174,29,0.152179897,145.6999969
North Dakota,1990,77.09999847,9.841360092,26.60000038,0.146490589,144.3000031
Idaho,1990,90.09999847,9.839927673,22.89999962,0.143283322,141.3000031
Alabama,1990,108.5999985,9.814290047,20.10000038,0.152721241,139.1000061
California,1990,77.80000305,10.14162254,23.79999924,0.149523035,163.8000031
Nevada,1990,137.3000031,10.12119389,40.20000076,0.131669402,173.6999969
New Mexico,1990,70.80000305,9.76591301,27.20000076,0.139921814,133.6000061
Delaware,1990,127.1999969,10.09480381,25.79999924,0.147581458,140
Mississippi,1990,101.8000031,9.644608498,23.29999924,0.160391927,139.8999939
North Carolina,1990,133.6999969,9.903341293,20.89999962,0.156180218,116.4000015
West Virginia,1990,104.0999985,9.7483778,21.70000076,0.14515321,142.8999939
Oklahoma,1990,88.40000153,9.828145027,19.70000076,0.142641276,146.1000061
Ohio,1990,115.5,9.977725983,23.89999962,0.144985646,135.3999939
Arkansas,1990,113.0999985,9.736310959,19.89999962,0.143811896,141.1999969
Pennsylvania,1990,101.3000031,10.05147076,25.79999924,0.14039883,133.6999969
Illinois,1990,94.09999847,10.11674881,25.70000076,0.144789323,147.3000031
Wyoming,1990,96.90000153,9.939312935,25.10000038,0.135517627,129.5
Iowa,1990,95.40000153,9.927805901,23.60000038,0.141656354,149.6000061
Nebraska,1990,89.90000153,9.96817112,25.20000076,0.138664141,143.3999939
Tennessee,1990,121.8000031,9.87950325,21.89999962,0.148867533,135
Maine,1990,117.5,9.949728966,22.10000038,0.140965849,160.1000061
Kentucky,1990,182.5,9.804600716,20.10000038,0.151693314,115.5999985
South Carolina,1990,118.5999985,9.827638626,25.60000038,0.157863751,125.1999969
Kansas,1990,94.30000305,9.98366642,19.70000076,0.140289113,145.8000031
Virginia,1990,118.9000015,10.08652878,24,0.152596578,128.6000061
Connecticut,1990,91.5,10.34930229,19.79999924,0.138878956,171.1999969
Indiana,1990,128.3000031,9.935141563,22.39999962,0.151112109,130.8000031
New Hampshire,1990,152.3999939,10.1227808,32.90000153,0.142966643,135.8999939
Utah,1990,53.40000153,9.755159378,12.69999981,0.166701496,151.8999939
Vermont,1990,124.3000031,9.972932816,26.10000038,0.149813831,143.6999969
Minnesota,1990,90.69999695,10.0463953,23.20000076,0.13896215,162.3000031
Louisiana,1990,101.5,9.770263672,26.39999962,0.153160468,143.3999939
Montana,1990,84.69999695,9.802269936,27.79999924,0.12944819,140.3999939
Wisconsin,1990,94,9.96933651,30.5,0.144079536,151.1000061
Rhode Island,1990,101.4000015,10.05991554,24,0.153439239,150.8999939
Missouri,1990,119.0999985,9.970404625,24.29999924,0.139996678,129.1000061
Georgia,1990,113.8000031,9.953297615,22.29999924,0.154880911,132.3000031
Idaho,1991,85.40000153,9.835094452,22.20000076,NA,144.3999939
Maine,1991,116.0999985,9.924434662,21.5,NA,165.8000031
North Dakota,1991,85.19999695,9.819376945,26.10000038,NA,159.8000031
Alabama,1991,107.9000015,9.819259644,20.10000038,NA,144.3999939
South Carolina,1991,121.5,9.810625076,23.79999924,NA,129
Montana,1991,82.90000153,9.832130432,28,NA,143.6000061
Nebraska,1991,92.40000153,9.965081215,24.60000038,NA,152.1999969
Arkansas,1991,116.8000031,9.743067741,19.89999962,NA,146.5
New Mexico,1991,69.90000153,9.768037796,27.10000038,NA,146.8999939
Pennsylvania,1991,102.5,10.04936314,24.60000038,NA,144.1000061
Oklahoma,1991,87.80000305,9.822683334,19.70000076,NA,149.1000061
Wyoming,1991,109.0999985,9.97840786,24.70000076,NA,136
Louisiana,1991,107.1999969,9.784422874,26.10000038,NA,149.6000061
Illinois,1991,96.09999847,10.09823895,24.39999962,NA,154
Ohio,1991,113.1999969,9.962329865,23.60000038,NA,139.8000031
Kansas,1991,91.80000305,9.976417542,20,NA,152.6999969
South Dakota,1991,91.80000305,9.869861603,23.5,NA,150.3000031
Mississippi,1991,105.5999985,9.652973175,22.89999962,NA,142.6999969
New Hampshire,1991,144.8000031,10.11431026,32.90000153,NA,153.8999939
Nevada,1991,115.5,10.10557365,37.70000076,NA,186.3000031
Georgia,1991,109.5999985,9.941864967,21.20000076,NA,138.1999969
North Carolina,1991,132.6999969,9.893853188,20.20000076,NA,126.5999985
Minnesota,1991,86.19999695,10.031394,22.70000076,NA,173.8999939
California,1991,68.69999695,10.11071396,22.29999924,NA,186.8000031
Tennessee,1991,120.5999985,9.874686241,21.39999962,NA,137.3999939
Wisconsin,1991,95.5,9.960520744,29,NA,158.6000061
Kentucky,1991,170.3999939,9.808980942,19.39999962,NA,120.5
Rhode Island,1991,103.5999985,10.03950691,24.29999924,NA,170.3000031
West Virginia,1991,100.0999985,9.757508278,21.5,NA,144.1000061
Delaware,1991,118.8000031,10.08306408,24.89999962,NA,143.1999969
Vermont,1991,120.9000015,9.951282501,25,NA,150.1000061
Colorado,1991,90.19999695,10.05476093,23.5,NA,152.6000061
Indiana,1991,127.1999969,9.921082497,21.60000038,NA,135.8000031
Virginia,1991,109.0999985,10.07137775,23,NA,136.5
Utah,1991,53.5,9.762184143,13.19999981,NA,167.1000061
Texas,1991,79.40000153,9.930666924,27.70000076,NA,173.6000061
Connecticut,1991,86.69999695,10.32413673,18.70000076,NA,175.6000061
Missouri,1991,119.9000015,9.968203545,23.89999962,NA,132.5
Iowa,1991,97.09999847,9.911108971,23.5,NA,155.3999939
Maine,1992,114.5,9.942131996,20.79999924,NA,187.6999969
California,1992,67.5,10.11493874,21.29999924,NA,201.8999939
New Mexico,1992,71.40000153,9.78427887,26.70000076,NA,165.3999939
Arkansas,1992,126,9.788628578,20,NA,177.3000031
Texas,1992,77.19999695,9.957263947,28.5,NA,186
Nevada,1992,110,10.12709522,36.40000153,NA,193.8000031
Nebraska,1992,90.59999847,9.998330116,24.20000076,NA,169.5
South Carolina,1992,112.8000031,9.825443268,23.79999924,NA,151.8999939
South Dakota,1992,93,9.896075249,23.60000038,NA,163
Rhode Island,1992,100.0999985,10.04970264,22.79999924,NA,190
North Carolina,1992,128.8999939,9.923104286,20.70000076,NA,145
Utah,1992,55,9.783387184,13,NA,170.1000061
New Hampshire,1992,143.6999969,10.12096977,32.20000076,NA,164.3999939
Vermont,1992,126.5,9.976772308,23.89999962,NA,168
Delaware,1992,120,10.09146404,25.20000076,NA,174.6999969
Ohio,1992,112.3000031,9.982688904,23,NA,159.6000061
Tennessee,1992,121,9.91144371,21.70000076,NA,163.8999939
Minnesota,1992,83.80000305,10.06334591,22,NA,197.6999969
Illinois,1992,94.80000305,10.1232872,23.79999924,NA,179.8000031
West Virginia,1992,97.90000153,9.784765244,21,NA,158.1999969
Kentucky,1992,167.6000061,9.84168911,19,NA,135.8000031
Indiana,1992,128.1999969,9.95379734,20.70000076,NA,153.5
Missouri,1992,122.3000031,9.984798431,23.70000076,NA,153.1000061
Kansas,1992,90,9.998267174,19.20000076,NA,174.1999969
Mississippi,1992,103.9000015,9.684977531,23.5,NA,160.8000031
Wisconsin,1992,96.19999695,9.992659569,28.10000038,NA,176.5
Connecticut,1992,83.5,10.34384251,18.29999924,NA,193.5
Pennsylvania,1992,96.19999695,10.06762981,23.5,NA,176.1999969
Virginia,1992,108.1999969,10.08065128,22.5,NA,157.8999939
Idaho,1992,85.09999847,9.856149673,22.60000038,NA,167.1999969
Georgia,1992,109.1999969,9.958564758,21.60000038,NA,159.5
Alabama,1992,109.0999985,9.845286369,20.39999962,NA,172.1999969
North Dakota,1992,74.30000305,9.8829813,25.39999962,NA,168.3000031
Louisiana,1992,108.5,9.805566788,26.70000076,NA,178.1000061
Oklahoma,1992,86.30000305,9.844190598,19.89999962,NA,170.6000061
Colorado,1992,88.30000305,10.06633949,23.70000076,NA,157.5
Iowa,1992,95.19999695,9.942481041,23.29999924,NA,178.5
Montana,1992,86.59999847,9.838707924,27.70000076,NA,163.5
Wyoming,1992,110.8000031,9.979329109,24.70000076,NA,155.1000061
South Carolina,1993,115.1999969,9.834692955,24.20000076,NA,164.5
Maine,1993,108.5,9.945654869,20.60000038,NA,192.6000061
Idaho,1993,86.69999695,9.877363205,21.79999924,NA,171.1999969
Oklahoma,1993,86.19999695,9.848171234,20,NA,182.3999939
Wyoming,1993,108.4000015,9.99512291,24.29999924,NA,166.8999939
Montana,1993,86,9.870497704,26.20000076,NA,179.3999939
North Dakota,1993,83,9.853104591,25.60000038,NA,177.6000061
Nebraska,1993,91.09999847,9.996415138,24.29999924,NA,177.1999969
Mississippi,1993,105.4000015,9.701045036,23.89999962,NA,177.8000031
Delaware,1993,123.8000031,10.09208298,26.20000076,NA,187.8999939
Louisiana,1993,106.1999969,9.821536064,26.5,NA,180.5
Pennsylvania,1993,94.69999695,10.0687418,23.70000076,NA,183.8000031
North Carolina,1993,129.6999969,9.940663338,20.89999962,NA,153.5
New Mexico,1993,69,9.806236267,26.39999962,NA,172.1999969
Virginia,1993,105.4000015,10.08279133,22.20000076,NA,165.6999969
Tennessee,1993,120.8000031,9.925889015,21.60000038,NA,170.1999969
Texas,1993,81.30000305,9.96424675,28.10000038,NA,204.6000061
Ohio,1993,108.9000015,9.989721298,23,NA,162.5
Rhode Island,1993,94.09999847,10.06694508,22.29999924,NA,197.8999939
Arkansas,1993,113.8000031,9.785141945,19.70000076,NA,179.8999939
Colorado,1993,88.59999847,10.079669,23.5,NA,168.1999969
Indiana,1993,126.8000031,9.965633392,20.5,NA,157.5
California,1993,63.40000153,10.09849739,20.79999924,NA,205.1000061
Kansas,1993,89.90000153,10.00206947,19.39999962,NA,174.1999969
South Dakota,1993,91.59999847,9.902385712,23.5,NA,180.3000031
Utah,1993,56.20000076,9.793717384,21.89999962,NA,180.1000061
Kentucky,1993,167.6000061,9.843250275,19.29999924,NA,145.3999939
Minnesota,1993,81.59999847,10.05818367,21.89999962,NA,215.6000061
Nevada,1993,108.0999985,10.13712502,35.09999847,NA,196.8000031
Connecticut,1993,79.09999847,10.34354401,17.89999962,NA,202.3000031
West Virginia,1993,111,9.794651031,21.60000038,NA,166.1999969
New Hampshire,1993,148.8999939,10.11175537,32.40000153,NA,181.1000061
Iowa,1993,92.5,9.920983315,23,NA,189.6999969
Wisconsin,1993,91.19999695,9.9995327,28.29999924,NA,195.5
Vermont,1993,117.1999969,9.979686737,23.70000076,NA,173.8000031
Missouri,1993,121.5999985,9.986176491,23.60000038,NA,157.6000061
Georgia,1993,109.1999969,9.96787262,21.70000076,NA,167.1999969
Illinois,1993,94.59999847,10.12783432,23.5,NA,187.5
Alabama,1993,108.5,9.852160454,20.29999924,NA,176.1999969
Tennessee,1994,118.8000031,9.960689545,21.5,NA,150.3000031
Indiana,1994,128.1999969,10.00134754,20.60000038,NA,146.6000061
Idaho,1994,93,9.903079033,21.39999962,NA,150.5
Illinois,1994,85.69999695,10.15419197,23.60000038,NA,182.1000061
Pennsylvania,1994,95.40000153,10.09233665,23.39999962,NA,158.1000061
Louisiana,1994,105.3000031,9.860993385,27.10000038,NA,157.3999939
Arkansas,1994,108.8000031,9.813631058,19.70000076,NA,168.1000061
North Dakota,1994,81,9.916485786,25.79999924,NA,180.1000061
Iowa,1994,93.40000153,9.99686718,23.29999924,NA,171.3999939
Utah,1994,55.79999924,9.836628914,12.89999962,NA,160.3999939
Minnesota,1994,83.40000153,10.09502316,22.5,NA,196.1000061
South Dakota,1994,94.80000305,9.972071648,24.29999924,NA,154.3999939
Colorado,1994,89.09999847,10.09746361,23.10000038,NA,153.1999969
Maine,1994,101.5999985,9.962649345,20.29999924,NA,178.3000031
Wisconsin,1994,91.80000305,10.03168201,28.29999924,NA,178.6000061
Nebraska,1994,85.90000153,10.02995682,24.70000076,NA,169.6000061
Kansas,1994,89.09999847,10.0265789,19.5,NA,159.6000061
Ohio,1994,108.5999985,10.03149223,23,NA,151.1999969
Rhode Island,1994,91.90000153,10.08022404,22.60000038,NA,168.8999939
Alabama,1994,107.0999985,9.87933445,21,NA,154.6000061
Virginia,1994,106.1999969,10.10627842,21.70000076,NA,156.5
West Virginia,1994,104.1999969,9.830105782,21.5,NA,150.1000061
Nevada,1994,105.1999969,10.16239452,35.09999847,NA,190.3000031
California,1994,58.59999847,10.09950829,20.10000038,NA,190.3000031
Missouri,1994,119.4000015,10.01635647,24.20000076,NA,146.8000031
Delaware,1994,126.0999985,10.13124657,25.89999962,NA,152.5
New Mexico,1994,68.19999695,9.827471733,25.39999962,NA,158.3999939
North Carolina,1994,112.6999969,9.966932297,20.79999924,NA,135.8999939
Montana,1994,88.19999695,9.871899605,26.60000038,NA,151.3000031
Georgia,1994,107.8000031,9.998239517,21.39999962,NA,147.8000031
Vermont,1994,120.3000031,9.993938446,23.29999924,NA,159.6000061
South Carolina,1994,112.1999969,9.867613792,24.70000076,NA,139.1000061
Mississippi,1994,106,9.75193882,24.5,NA,156.8999939
Wyoming,1994,111.1999969,10.00380707,25,NA,147.3999939
Kentucky,1994,170.1000061,9.86839962,19.60000038,NA,132.8000031
Oklahoma,1994,104.8000031,9.861186981,20.39999962,NA,163.3999939
Connecticut,1994,76.59999847,10.36129856,17.89999962,NA,205.6000061
Texas,1994,78.80000305,9.974076271,28.29999924,NA,177.6999969
New Hampshire,1994,153.8000031,10.15646553,31,NA,157.8000031
Utah,1995,52,9.872344971,12.80000019,NA,168.8000031
Kentucky,1995,175.3000031,9.903475761,18.89999962,NA,134.8000031
Minnesota,1995,84.09999847,10.14878464,22.10000038,NA,202.1999969
Wisconsin,1995,93.5,10.07112026,28,NA,188
Missouri,1995,124,10.05390835,23.5,NA,150.3000031
Montana,1995,90.5,9.891279221,26.5,NA,155.3999939
Iowa,1995,93,10.00184917,22.70000076,NA,179
Wyoming,1995,115,10.00949097,23.60000038,NA,153
Connecticut,1995,79.30000305,10.45100212,17.60000038,NA,205.3999939
Louisiana,1995,105.6999969,9.910527229,26.10000038,NA,155.8000031
Vermont,1995,123.1999969,10.04172039,22.79999924,NA,160.1000061
Virginia,1995,106.6999969,10.15624428,20.70000076,NA,157.5
Arkansas,1995,113,9.864459991,19.5,NA,167.3000031
Indiana,1995,135.3999939,10.04371071,20.10000038,NA,146.3000031
California,1995,56.40000153,10.15591621,19.70000076,NA,195.1000061
North Dakota,1995,80.59999847,9.884033203,25.5,NA,179.5
Delaware,1995,127.1999969,10.22965336,24.60000038,NA,160.6999969
Maine,1995,102.3000031,9.969056129,21.10000038,NA,184.8999939
North Carolina,1995,124.9000015,10.02180767,20.5,NA,142.3000031
Texas,1995,75.19999695,10.03183937,27.10000038,NA,185
New Hampshire,1995,158.5,10.2132206,31,NA,163.8999939
New Mexico,1995,67,9.871938705,27.39999962,NA,163.5
Idaho,1995,78.19999695,9.919678688,20.10000038,NA,163.5
Oklahoma,1995,109.5,9.898375511,20,NA,161.1000061
Nebraska,1995,88.5,10.03177643,24.10000038,NA,170.6999969
Nevada,1995,100.9000015,10.18080902,34.29999924,NA,190.3999939
South Dakota,1995,98.59999847,9.924324989,23.70000076,NA,162.1000061
Tennessee,1995,125.4000015,10.02625942,21.39999962,NA,153
Mississippi,1995,107.5,9.785328865,24,NA,153.8999939
Ohio,1995,111.6999969,10.08051395,22.79999924,NA,155.6000061
Georgia,1995,100.3000031,10.05543804,21.5,NA,153.8000031
South Carolina,1995,109.1999969,9.909873009,24.89999962,NA,140
Pennsylvania,1995,95.40000153,10.13071918,22.39999962,NA,161.6999969
West Virginia,1995,115.1999969,9.834269524,20.89999962,NA,156.8000031
Alabama,1995,102.5999985,9.924404144,20.60000038,NA,155.1000061
Rhode Island,1995,90.80000305,10.1350317,22.20000076,NA,209.6000061
Colorado,1995,85.40000153,10.16635036,24.39999962,NA,164.1999969
Kansas,1995,90.09999847,10.0449543,19.10000038,NA,165.6999969
Illinois,1995,84.30000305,10.20035458,23.20000076,NA,185.1999969
New Mexico,1996,65.69999695,9.878764153,27.20000076,NA,170.8000031
Arkansas,1996,110.6999969,9.885233879,20.10000038,NA,167.1000061
Idaho,1996,73.59999847,9.933633804,20.60000038,NA,176.5
Iowa,1996,94,10.04900551,23.10000038,NA,183.8000031
Minnesota,1996,81.69999695,10.18894577,22.39999962,NA,208.6000061
California,1996,54.5,10.17863655,19.10000038,NA,197.8999939
New Hampshire,1996,158,10.22895432,31.10000038,NA,168.6000061
Delaware,1996,128.3000031,10.262393,24.60000038,NA,169.1000061
Vermont,1996,102.5,10.0610075,23.29999924,NA,196.3999939
Colorado,1996,83.09999847,10.19143677,24.79999924,NA,169.6000061
Tennessee,1996,119.1999969,10.03449631,21.5,NA,155.8999939
Louisiana,1996,106.8000031,9.923664093,26.5,NA,165.3000031
Wyoming,1996,110.3000031,10.01676846,24.60000038,NA,162.5
Pennsylvania,1996,93.30000305,10.15594673,22.39999962,NA,169.3999939
West Virginia,1996,112.6999969,9.845186234,21,NA,157.3000031
Georgia,1996,102.6999969,10.07977104,22,NA,156.1000061
Mississippi,1996,106.9000015,9.808868408,24.29999924,NA,161.1999969
North Dakota,1996,80.80000305,9.960636139,26.60000038,NA,182.6999969
Illinois,1996,81.80000305,10.22424412,22.89999962,NA,188.6999969
Missouri,1996,124.0999985,10.07675266,23.60000038,NA,159.8000031
Wisconsin,1996,92.09999847,10.09000111,27.60000038,NA,200.5
Connecticut,1996,76,10.47449493,17.20000076,NA,206.3000031
Utah,1996,54,9.904766083,13.19999981,NA,174.8999939
Maine,1996,100,9.987244606,21.29999924,NA,186.8999939
Ohio,1996,107.5999985,10.09725761,23.29999924,NA,159.6999969
Montana,1996,87.30000305,9.901760101,26.70000076,NA,156.8000031
Oklahoma,1996,110.8000031,9.918806076,19.89999962,NA,162.6999969
North Carolina,1996,129.6999969,10.0451355,21.10000038,NA,145.6000061
Kansas,1996,88.69999695,10.07640553,18.89999962,NA,167.6999969
Alabama,1996,101.4000015,9.940027237,21,NA,158.3000031
Virginia,1996,104.5999985,10.17183113,20.60000038,NA,159.6000061
Kentucky,1996,179,9.927487373,19.10000038,NA,139.8000031
Nebraska,1996,86.19999695,10.07805729,24.39999962,NA,175.5
South Dakota,1996,92.30000305,9.987908363,24.29999924,NA,171.1999969
Nevada,1996,99,10.20677662,35.20000076,NA,195
Texas,1996,74.59999847,10.0528183,27.10000038,NA,188.3999939
South Carolina,1996,102.9000015,9.926653862,25.39999962,NA,149.5
Indiana,1996,135.1000061,10.06088734,20.29999924,NA,147.8000031
Rhode Island,1996,87.5,10.14552498,21.70000076,NA,214.8999939
Illinois,1997,79.59999847,10.23658562,22.89999962,NA,198.6999969
Ohio,1997,108.5999985,10.0931797,23,NA,166.8000031
North Carolina,1997,125.5999985,10.05129242,21.29999924,NA,152
Utah,1997,57,9.915579796,13,NA,186.1999969
Vermont,1997,97.69999695,10.04339695,2.5,NA,201.8999939
Kansas,1997,89.19999695,10.08714104,19.70000076,NA,171.3000031
California,1997,53.79999924,10.17518997,19.5,NA,200.3000031
New Mexico,1997,61.79999924,9.86425972,27,NA,176
Indiana,1997,135.3000031,10.05211449,20.29999924,NA,156.3000031
North Dakota,1997,77.5,9.90854454,26.39999962,NA,194.1000061
Minnesota,1997,84.09999847,10.17544174,22.20000076,NA,216.8000031
Louisiana,1997,105.3000031,9.926508904,26.70000076,NA,166.8999939
Maine,1997,101.0999985,9.995828629,21,NA,190.1999969
South Carolina,1997,124.5,9.936011314,25.60000038,NA,153.8999939
Nevada,1997,95.59999847,10.1864624,34.40000153,NA,198.5
Wisconsin,1997,91.90000153,10.09384441,28.60000038,NA,200.6999969
Tennessee,1997,118.9000015,10.03077984,21.29999924,NA,161.1000061
Iowa,1997,93.90000153,10.04928303,23.29999924,NA,189.3000031
Virginia,1997,108,10.17056465,20.5,NA,159.6000061
Colorado,1997,81.30000305,10.20389652,24,NA,174.3999939
Mississippi,1997,106.3000031,9.803786278,24.39999962,NA,168.6000061
Pennsylvania,1997,92.90000153,10.15233803,22.10000038,NA,176.5
Nebraska,1997,85.5,10.06976414,24.39999962,NA,184.8000031
Texas,1997,72.59999847,10.07079792,27,NA,189.8000031
New Hampshire,1997,174.3999939,10.23084545,31.29999924,NA,176.6000061
Kentucky,1997,186.8000031,9.932178497,19.29999924,NA,145.6000061
South Dakota,1997,88.80000305,9.955562592,24.10000038,NA,181.6999969
Idaho,1997,75,9.921952248,20.10000038,NA,184.3999939
Montana,1997,88.90000153,9.886043549,27,NA,164.8999939
Wyoming,1997,108.8000031,10.02561283,24.60000038,NA,164.1000061
Oklahoma,1997,111.8000031,9.919992447,20.10000038,NA,172
Arkansas,1997,108.6999969,9.883107185,19.79999924,NA,181.3000031
Georgia,1997,100.5999985,10.08140755,21.60000038,NA,158.8999939
Alabama,1997,104.9000015,9.937270164,20.79999924,NA,167.3999939
West Virginia,1997,114.5,9.837126732,21,NA,160.8999939
Connecticut,1997,75.90000153,10.48661709,17.5,NA,208.5
Rhode Island,1997,90,10.15322495,22.89999962,NA,217
Delaware,1997,124.0999985,10.26167774,24.89999962,NA,171.8999939
Missouri,1997,120.5999985,10.07141304,23.5,NA,163.3999939
West Virginia,1998,114.5999985,NA,NA,NA,171.1000061
Maine,1998,94.5,NA,NA,NA,219.6000061
Nevada,1998,102.4000015,NA,NA,NA,200.6000061
Delaware,1998,132.8000031,NA,NA,NA,179.1999969
Mississippi,1998,107,NA,NA,NA,175.8000031
North Carolina,1998,126,NA,NA,NA,167.6000061
Virginia,1998,105.5999985,NA,NA,NA,162.1999969
Connecticut,1998,75.5,NA,NA,NA,217.8999939
Ohio,1998,106.4000015,NA,NA,NA,172.8999939
South Dakota,1998,88.30000305,NA,NA,NA,192.8000031
New Mexico,1998,62.59999847,NA,NA,NA,183.8000031
Iowa,1998,94,NA,NA,NA,193.8000031
Indiana,1998,135.8999939,NA,NA,NA,166.8000031
South Carolina,1998,126.9000015,NA,NA,NA,165.3000031
Illinois,1998,80.30000305,NA,NA,NA,202.3000031
Pennsylvania,1998,92.09999847,NA,NA,NA,190.8999939
Nebraska,1998,83.09999847,NA,NA,NA,194.6000061
Minnesota,1998,83.19999695,NA,NA,NA,220.1999969
Tennessee,1998,119.6999969,NA,NA,NA,167.6999969
Vermont,1998,97,NA,NA,NA,213.8999939
Idaho,1998,78.90000153,NA,NA,NA,187.1000061
Montana,1998,89.09999847,NA,NA,NA,175.3999939
California,1998,52.29999924,NA,NA,NA,207.8000031
Colorado,1998,81.19999695,NA,NA,NA,185.8000031
Texas,1998,73.19999695,NA,NA,NA,201.8000031
Wisconsin,1998,88.69999695,NA,NA,NA,210.8000031
Louisiana,1998,103.1999969,NA,NA,NA,185.8999939
North Dakota,1998,79.09999847,NA,NA,NA,205.1999969
Kansas,1998,87.59999847,NA,NA,NA,184.3000031
Alabama,1998,106.1999969,NA,NA,NA,180.5
New Hampshire,1998,173.8000031,NA,NA,NA,197
Utah,1998,42.29999924,NA,NA,NA,222.6999969
Georgia,1998,100.5,NA,NA,NA,168.6999969
Kentucky,1998,171.3000031,NA,NA,NA,155.6999969
Wyoming,1998,102.9000015,NA,NA,NA,168.8000031
Arkansas,1998,109.5,NA,NA,NA,187.3000031
Rhode Island,1998,88.69999695,NA,NA,NA,232.1999969
Oklahoma,1998,112.1999969,NA,NA,NA,183.6000061
Missouri,1998,120.0999985,NA,NA,NA,173.8000031
Vermont,1999,94.09999847,NA,NA,NA,233.6999969
West Virginia,1999,112.4000015,NA,NA,NA,192.3999939
Iowa,1999,91.69999695,NA,NA,NA,213
Wisconsin,1999,84.40000153,NA,NA,NA,243.5
South Carolina,1999,109.4000015,NA,NA,NA,179.6000061
Missouri,1999,118,NA,NA,NA,197
Maine,1999,85.5,NA,NA,NA,267.7999878
Nebraska,1999,86.59999847,NA,NA,NA,214.6000061
Kentucky,1999,165.3000031,NA,NA,NA,179.1999969
California,1999,47.20000076,NA,NA,NA,224.8999939
Colorado,1999,79.59999847,NA,NA,NA,204.1999969
Connecticut,1999,73.40000153,NA,NA,NA,236.5
North Carolina,1999,113.0999985,NA,NA,NA,186.8000031
South Dakota,1999,83.5,NA,NA,NA,207.8999939
Georgia,1999,97.09999847,NA,NA,NA,188
Kansas,1999,83.30000305,NA,NA,NA,207
Nevada,1999,103.9000015,NA,NA,NA,225.8000031
Delaware,1999,139.5,NA,NA,NA,198.3000031
Utah,1999,43.90000153,NA,NA,NA,243.6999969
Louisiana,1999,101,NA,NA,NA,208
Idaho,1999,75.09999847,NA,NA,NA,210.6999969
Arkansas,1999,104.8000031,NA,NA,NA,206.8999939
Rhode Island,1999,86.90000153,NA,NA,NA,251.6999969
Indiana,1999,133.3000031,NA,NA,NA,190
North Dakota,1999,74.69999695,NA,NA,NA,223.6000061
Oklahoma,1999,111.4000015,NA,NA,NA,203.3999939
Ohio,1999,104,NA,NA,NA,193.1999969
New Hampshire,1999,171.6999969,NA,NA,NA,222.8000031
Minnesota,1999,80.69999695,NA,NA,NA,227.3999939
Tennessee,1999,115.5999985,NA,NA,NA,189.5
New Mexico,1999,59.70000076,NA,NA,NA,201.8000031
Pennsylvania,1999,91.09999847,NA,NA,NA,205
Wyoming,1999,104.8000031,NA,NA,NA,189.6000061
Mississippi,1999,103.9000015,NA,NA,NA,199.5
Texas,1999,67.59999847,NA,NA,NA,225
Alabama,1999,100.6999969,NA,NA,NA,195.6000061
Illinois,1999,72.19999695,NA,NA,NA,240.5
Montana,1999,82.59999847,NA,NA,NA,196.1999969
Virginia,1999,102.0999985,NA,NA,NA,183.6999969
Minnesota,2000,76,NA,NA,NA,303.6000061
Georgia,2000,88.40000153,NA,NA,NA,257.3999939
California,2000,41.59999847,NA,NA,NA,351.2000122
Wisconsin,2000,80.09999847,NA,NA,NA,312.7999878
Alabama,2000,96.19999695,NA,NA,NA,270.7000122
North Dakota,2000,72.5,NA,NA,NA,297.5
Louisiana,2000,104.3000031,NA,NA,NA,281.2000122
South Carolina,2000,103.9000015,NA,NA,NA,255.3000031
Colorado,2000,73,NA,NA,NA,281.2999878
Wyoming,2000,90.5,NA,NA,NA,267.1000061
Montana,2000,75.5,NA,NA,NA,260.7000122
Kentucky,2000,156.1999969,NA,NA,NA,243.3999939
Kansas,2000,79.80000305,NA,NA,NA,271.2000122
Nevada,2000,93.19999695,NA,NA,NA,303.5
Utah,2000,40.70000076,NA,NA,NA,312.8999939
Delaware,2000,140.6999969,NA,NA,NA,276.2000122
Arkansas,2000,99.40000153,NA,NA,NA,279.2999878
Oklahoma,2000,108.9000015,NA,NA,NA,272.6000061
South Dakota,2000,75.09999847,NA,NA,NA,272.8999939
Indiana,2000,125.5,NA,NA,NA,260.2000122
North Carolina,2000,109,NA,NA,NA,257.2999878
New Hampshire,2000,147.3000031,NA,NA,NA,313.8999939
Tennessee,2000,108.6999969,NA,NA,NA,261.2000122
Iowa,2000,88.90000153,NA,NA,NA,286.2999878
West Virginia,2000,107.9000015,NA,NA,NA,253.6999969
Texas,2000,69.30000305,NA,NA,NA,292.2999878
Missouri,2000,113.8000031,NA,NA,NA,258.7999878
Nebraska,2000,77.59999847,NA,NA,NA,288.2999878
Illinois,2000,70,NA,NA,NA,312.7000122
Pennsylvania,2000,87.90000153,NA,NA,NA,280.1000061
Virginia,2000,96.69999695,NA,NA,NA,252.8000031
Maine,2000,82.90000153,NA,NA,NA,330.5
Idaho,2000,66.90000153,NA,NA,NA,275.8999939
Mississippi,2000,97.19999695,NA,NA,NA,272
New Mexico,2000,53.79999924,NA,NA,NA,279.7999878
Connecticut,2000,71.40000153,NA,NA,NA,312.2999878
Vermont,2000,88.90000153,NA,NA,NA,301.1000061
Ohio,2000,99.90000153,NA,NA,NA,265.3999939
Rhode Island,2000,83.09999847,NA,NA,NA,322.8999939
